image_id,image_anger,image_disgust,image_fear,image_happiness,image_neutral,image_sadness,image_surprise
youtube1_frame_10000.jpg,0.041667353361845016,0.12350494414567947,0.14748328924179077,1.1638172509265132e-05,0.00018178221944253892,0.6218689680099487,0.06528206169605255
youtube1_frame_11000.jpg,0.22513291239738464,0.16073782742023468,0.3555728495121002,8.218667062465101e-06,0.0002527276228647679,0.16226734220981598,0.09602805227041245
youtube1_frame_11400.jpg,0.02505529671907425,0.29362952709198,0.21527832746505737,4.382535280456068e-06,0.0012152285780757666,0.43980252742767334,0.025014672428369522
youtube1_frame_11600.jpg,0.21920956671237946,0.0921674519777298,0.19343669712543488,4.2354258766863495e-05,0.0017986497841775417,0.3976307809352875,0.0957144945859909
youtube1_frame_11800.jpg,0.04996782913804054,0.3086780607700348,0.2966260015964508,5.38253880222328e-06,0.0006688684807159007,0.20049329102039337,0.14356058835983276
youtube1_frame_12600.jpg,0.023329168558120728,0.4171181619167328,0.14741571247577667,0.005018339492380619,4.22482771682553e-05,0.3906322121620178,0.016444195061922073
youtube1_frame_12800.jpg,0.050357967615127563,0.14151009917259216,0.24520927667617798,1.0844707958312938e-06,0.0002477570087648928,0.520534873008728,0.04213900491595268
youtube1_frame_13000.jpg,0.0003581487399060279,0.0002544306917116046,0.8696403503417969,6.554907372446905e-08,5.805349701404339e-06,0.0022279671393334866,0.12751318514347076
youtube1_frame_13200.jpg,0.1783575564622879,0.34930962324142456,0.16557011008262634,0.0003712835896294564,0.003255769843235612,0.11490371078252792,0.18823198974132538
youtube1_frame_13400.jpg,0.19264449179172516,0.12641099095344543,0.23967966437339783,1.1935178008570801e-05,0.000516797648742795,0.32621511816978455,0.11452104896306992
youtube1_frame_13600.jpg,0.06115969270467758,0.135715052485466,0.37509265542030334,6.675859185634181e-05,0.0006639218772761524,0.32607677578926086,0.10122521966695786
youtube1_frame_13800.jpg,0.11186599731445312,0.29371291399002075,0.08609361201524734,6.717554242641199e-06,0.00044281710870563984,0.489541232585907,0.018336694687604904
youtube1_frame_1400.jpg,0.2149680256843567,0.17008185386657715,0.35856714844703674,8.881992471287958e-06,0.0008498371462337673,0.07641388475894928,0.17911037802696228
youtube1_frame_14000.jpg,0.10358551889657974,0.3355671167373657,0.19358736276626587,9.270694863516837e-05,0.001862014876678586,0.15754106640815735,0.20776420831680298
youtube1_frame_14200.jpg,0.06692246347665787,0.20202791690826416,0.3394334316253662,3.198944341420429e-06,0.0008047382580116391,0.22922910749912262,0.16157913208007812
youtube1_frame_14600.jpg,0.07896671444177628,0.19965671002864838,0.38110464811325073,9.071316526387818e-06,0.0017746308585628867,0.15373997390270233,0.18474824726581573
youtube1_frame_14800.jpg,0.020924586802721024,0.06773800402879715,0.11832380294799805,7.191499662440037e-06,0.00019477817113511264,0.7579858303070068,0.034825704991817474
youtube1_frame_200.jpg,0.02920183539390564,0.04455552622675896,0.5434063673019409,3.536968051776057e-06,0.0006274744519032538,0.1935296207666397,0.188675656914711
youtube1_frame_2000.jpg,0.052676163613796234,0.07030332833528519,0.5084338784217834,7.828490197425708e-06,0.00031747977482154965,0.31706562638282776,0.0511956550180912
youtube1_frame_3200.jpg,0.06155501678586006,0.09005367010831833,0.3881198465824127,1.3585245142166968e-05,0.0014219108270481229,0.2571541965007782,0.20168179273605347
youtube1_frame_3600.jpg,0.20772531628608704,0.2305905818939209,0.31864896416664124,0.00013537085033021867,0.00037024306948296726,0.12040102481842041,0.122128427028656
youtube1_frame_3800.jpg,0.03543223440647125,0.11566735059022903,0.6702791452407837,0.0007443373906426132,2.9627028652612353e-06,0.0683833509683609,0.10949055850505829
youtube1_frame_400.jpg,0.16139362752437592,0.234543576836586,0.19830553233623505,0.0011450352612882853,0.0039232573471963406,0.14184246957302094,0.2588464915752411
youtube1_frame_6200.jpg,0.1602371782064438,0.13833947479724884,0.6095660924911499,0.002230278216302395,1.4005665434524417e-05,0.05458851531147957,0.035024482756853104
youtube1_frame_6600.jpg,0.16894641518592834,0.1343444436788559,0.3467094302177429,0.00015462808369193226,0.002026502275839448,0.1616974025964737,0.18612127006053925
youtube1_frame_7200.jpg,0.03109007328748703,0.4955673813819885,0.05085742101073265,1.7595679082660354e-06,3.646269396995194e-05,0.4167453348636627,0.0057015446946024895
youtube1_frame_7400.jpg,0.007697177119553089,0.17190814018249512,0.28531646728515625,3.0225546652218327e-05,0.0002845677372533828,0.4887663424015045,0.045997075736522675
youtube1_frame_7800.jpg,0.0010553431930020452,0.003058421891182661,0.8887182474136353,1.3634673905471573e-06,1.0897834727074951e-05,0.003310692962259054,0.10384509712457657
youtube1_frame_800.jpg,0.02305671013891697,0.07503402978181839,0.4254572093486786,2.108698708980228e-06,0.00031577833578921854,0.28392893075942993,0.19220516085624695
youtube1_frame_8400.jpg,0.05123066529631615,0.07963325083255768,0.5879551768302917,2.1646487766702194e-06,0.0005980199202895164,0.17665702104568481,0.10392367839813232
youtube1_frame_8600.jpg,0.06536783277988434,0.25597140192985535,0.2908119857311249,8.573042578063905e-06,0.0009705779375508428,0.3068602681159973,0.08000938594341278
youtube1_frame_8800.jpg,0.022499507293105125,0.03953547403216362,0.45925506949424744,0.0016949953278526664,0.00030958751449361444,0.09195278584957123,0.384752482175827
youtube1_frame_9000.jpg,0.0718676745891571,0.0686168372631073,0.294899046421051,0.00014605636533815414,0.00208437186665833,0.15401634573936462,0.40836966037750244
youtube1_frame_9400.jpg,0.14513151347637177,0.16464361548423767,0.20647676289081573,0.0009097958682104945,0.002177073620259762,0.16751770675182343,0.3131434917449951
youtube1_frame_9600.jpg,0.09588194638490677,0.15892156958580017,0.23321117460727692,3.1156039312918438e-06,0.0003881920129060745,0.4829034209251404,0.02869061753153801
youtube2_frame_10200.jpg,0.11566218733787537,0.6314250230789185,0.12432953715324402,1.835082184697967e-05,0.00036351248854771256,0.11370404064655304,0.014497320167720318
youtube2_frame_10450.jpg,0.12474142760038376,0.435886412858963,0.20948563516139984,3.6987268686061725e-05,0.0006478428258560598,0.18865899741649628,0.040542688220739365
youtube2_frame_10700.jpg,0.06204027682542801,0.7803403735160828,0.08137036114931107,2.5206933059962466e-05,0.00013440987095236778,0.06482457369565964,0.011264813132584095
youtube2_frame_10950.jpg,0.06999807804822922,0.4678943455219269,0.1806759089231491,3.328103412059136e-05,0.0001917875197250396,0.23145344853401184,0.04975305125117302
youtube2_frame_11200.jpg,0.03642706573009491,0.8066512942314148,0.1049143448472023,0.003846529172733426,2.353964418944088e-06,0.041186533868312836,0.006971943192183971
youtube2_frame_11450.jpg,0.04643552005290985,0.23060715198516846,0.5178585648536682,0.001269585802219808,0.0001727585040498525,0.07594262063503265,0.12771378457546234
youtube2_frame_11700.jpg,0.06685641407966614,0.08038709312677383,0.4494574964046478,0.00012960622552782297,0.0005020416574552655,0.1997951865196228,0.20287223160266876
youtube2_frame_1200.jpg,0.06169535592198372,0.21620787680149078,0.3123423755168915,4.849681499763392e-05,0.0005131892394274473,0.2520739436149597,0.15711873769760132
youtube2_frame_13200.jpg,0.03616313263773918,0.6385525465011597,0.17839695513248444,0.021821971982717514,3.308333907625638e-05,0.0827450230717659,0.04228729009628296
youtube2_frame_13450.jpg,0.08306195586919785,0.3161996603012085,0.424372136592865,8.473821253573988e-06,8.287600940093398e-05,0.09952327609062195,0.07675164937973022
youtube2_frame_13700.jpg,0.13945931196212769,0.26313960552215576,0.26540490984916687,1.0438129720569123e-05,0.00011864719272125512,0.2671982944011688,0.06466876715421677
youtube2_frame_13950.jpg,0.08557434380054474,0.5104310512542725,0.1801125407218933,2.0473089534789324e-05,0.0001588409359101206,0.1895100176334381,0.034192778170108795
youtube2_frame_14200.jpg,0.1273728758096695,0.19239915907382965,0.2162022590637207,4.001498018624261e-05,0.0005005231942050159,0.3465777039527893,0.11690748482942581
youtube2_frame_14450.jpg,0.08858191967010498,0.3546788692474365,0.17663532495498657,7.563310646219179e-06,0.0012733847834169865,0.32394081354141235,0.05488207936286926
youtube2_frame_1450.jpg,0.14431066811084747,0.3206741213798523,0.2654881477355957,8.696921440787264e-07,0.00040161344804801047,0.2133246213197708,0.0557999424636364
youtube2_frame_14700.jpg,0.06860829144716263,0.6888713240623474,0.15828976035118103,0.0016219784738495946,7.128022389224498e-06,0.06580693274736404,0.016794603317975998
youtube2_frame_15450.jpg,0.03244324028491974,0.4202136695384979,0.1730906218290329,0.0019740222487598658,0.0005845394334755838,0.32356134057044983,0.04813258722424507
youtube2_frame_15700.jpg,0.08444376289844513,0.3334851562976837,0.14243583381175995,0.000958621792960912,0.00013017439050599933,0.3813912868499756,0.05715518444776535
youtube2_frame_15950.jpg,0.08564558625221252,0.6193320751190186,0.05876203253865242,8.286507181765046e-06,0.00034631803282536566,0.22600212693214417,0.00990357343107462
youtube2_frame_16200.jpg,0.03746775910258293,0.2226754128932953,0.19749191403388977,0.00023764523211866617,0.00031967469840310514,0.44786155223846436,0.09394597262144089
youtube2_frame_16450.jpg,0.04143112152814865,0.532452404499054,0.10713808238506317,0.0003129951364826411,0.00031549588311463594,0.2771313190460205,0.04121864587068558
youtube2_frame_16700.jpg,0.043393488973379135,0.8694844841957092,0.04045230522751808,2.0936853616149165e-05,2.1903500964981504e-05,0.043935105204582214,0.002691767644137144
youtube2_frame_16950.jpg,0.047433946281671524,0.5749741792678833,0.10979443043470383,0.0005156387342140079,0.0002337808400625363,0.22796709835529327,0.039080873131752014
youtube2_frame_1700.jpg,0.15576376020908356,0.3306525647640228,0.2655332684516907,1.0452339665789623e-05,0.00044607860036194324,0.1825147122144699,0.06507910788059235
youtube2_frame_17200.jpg,0.02042602002620697,0.8378596305847168,0.06258305162191391,0.000206154421903193,0.0002630789822433144,0.06436607241630554,0.014295972883701324
youtube2_frame_17450.jpg,0.03325981646776199,0.16000798344612122,0.43662726879119873,0.0004124258121009916,0.00010246683814330027,0.22434058785438538,0.1452494114637375
youtube2_frame_17700.jpg,0.11732713878154755,0.22356295585632324,0.2578904628753662,0.0004836419248022139,0.00038197520188987255,0.2824140787124634,0.11793976277112961
youtube2_frame_17950.jpg,0.12104151397943497,0.2708299160003662,0.3508414924144745,9.126904478762299e-05,0.00039138650754466653,0.18614628911018372,0.0706581324338913
youtube2_frame_18200.jpg,0.10043022036552429,0.4851793944835663,0.18894702196121216,0.0001930993312271312,0.00012915159459225833,0.18611857295036316,0.03900248184800148
youtube2_frame_18450.jpg,0.08676652610301971,0.6090859174728394,0.12076294422149658,5.55902261112351e-05,0.00013578138896264136,0.158115416765213,0.025077762082219124
youtube2_frame_18700.jpg,0.07341305911540985,0.7042167782783508,0.06544508039951324,3.2036314223660156e-05,0.0001420141343260184,0.13960571587085724,0.01714523695409298
youtube2_frame_18950.jpg,0.05499837547540665,0.7396757006645203,0.06208913028240204,6.270604353630915e-05,0.00010942502558464184,0.1340489685535431,0.009015675634145737
youtube2_frame_19200.jpg,0.0643530935049057,0.5406422019004822,0.11244946718215942,0.00012714853801298887,0.00035250227665528655,0.23667672276496887,0.04539882019162178
youtube2_frame_19450.jpg,0.039570558816194534,0.8104628324508667,0.06255514174699783,8.547344623366371e-05,5.793861419078894e-05,0.07945838570594788,0.0078096394427120686
youtube2_frame_1950.jpg,0.09209949523210526,0.1167149469256401,0.41567519307136536,3.447734343353659e-05,0.0007320412551052868,0.1807803213596344,0.19396349787712097
youtube2_frame_19700.jpg,0.10252286493778229,0.49541205167770386,0.1449497789144516,0.0002803676761686802,0.00024703657254576683,0.21510981023311615,0.04147806763648987
youtube2_frame_19950.jpg,0.09209985285997391,0.4532916843891144,0.1526971310377121,0.0006643406813964248,0.00012518183211795986,0.24070516228675842,0.060416605323553085
youtube2_frame_200.jpg,0.13550522923469543,0.05392800644040108,0.33326759934425354,3.281889348727418e-06,0.0010733020026236773,0.36727166175842285,0.10895095020532608
youtube2_frame_20200.jpg,0.10192813724279404,0.6612575054168701,0.12678217887878418,5.2377254178281873e-05,0.00015747282304801047,0.08157556504011154,0.028246859088540077
youtube2_frame_20450.jpg,0.017469020560383797,0.481612890958786,0.21897342801094055,0.006102570332586765,5.495734149008058e-05,0.23484507203102112,0.040942028164863586
youtube2_frame_2200.jpg,0.06198490783572197,0.4281992018222809,0.19659404456615448,0.0007368673686869442,9.108807716984302e-05,0.21641786396503448,0.09597598761320114
youtube2_frame_2450.jpg,0.25425729155540466,0.12637126445770264,0.27160754799842834,2.8356075745250564e-06,0.0012746462598443031,0.27357834577560425,0.07290804386138916
youtube2_frame_2700.jpg,0.23756036162376404,0.10943730920553207,0.3426552712917328,1.5276906196959317e-05,0.0007378290756605566,0.18096818029880524,0.12862582504749298
youtube2_frame_2950.jpg,0.17868372797966003,0.38265863060951233,0.30616694688796997,0.0014790979912504554,0.000520425324793905,0.08097521215677261,0.04951595887541771
youtube2_frame_3200.jpg,0.19736793637275696,0.12107060849666595,0.3658425807952881,0.0001283154997508973,0.000294606143143028,0.21368056535720825,0.10161542147397995
youtube2_frame_3450.jpg,0.19321823120117188,0.18899323046207428,0.20034071803092957,5.087953104521148e-05,0.0010879996698349714,0.3270955979824066,0.08921336382627487
youtube2_frame_3700.jpg,0.10661245882511139,0.14256449043750763,0.2954379916191101,0.005879945587366819,0.002266787923872471,0.2986380457878113,0.14860022068023682
youtube2_frame_3950.jpg,0.18260560929775238,0.4138008952140808,0.21036091446876526,0.013142095878720284,0.00019974210590589792,0.15110091865062714,0.028789855539798737
youtube2_frame_4200.jpg,0.11096731573343277,0.5049432516098022,0.17865729331970215,0.0020106639713048935,0.00012788026651833206,0.16650435328483582,0.03678930550813675
youtube2_frame_4450.jpg,0.1726803481578827,0.15708526968955994,0.3613906800746918,0.00017559014668222517,0.0013037648750469089,0.11398403346538544,0.19338034093379974
youtube2_frame_450.jpg,0.056927576661109924,0.3267386257648468,0.35769325494766235,7.481685315724462e-06,0.00038107906584627926,0.1354958415031433,0.12275616079568863
youtube2_frame_4700.jpg,0.12818081676959991,0.19067011773586273,0.33127203583717346,4.192465348751284e-05,0.00047108784201554954,0.11952745914459229,0.2298366129398346
youtube2_frame_4950.jpg,0.2041586935520172,0.13985103368759155,0.2908153533935547,1.3177749679016415e-05,0.001300909323617816,0.21731123328208923,0.14654961228370667
youtube2_frame_5200.jpg,0.18655622005462646,0.4273773431777954,0.1570555567741394,0.00014096694940235466,0.001126672956161201,0.15825113654136658,0.06949206441640854
youtube2_frame_5450.jpg,0.27107396721839905,0.28528526425361633,0.14982084929943085,1.006749334919732e-05,0.001563921570777893,0.2143527716398239,0.07789314538240433
youtube2_frame_5700.jpg,0.1736522912979126,0.2701844274997711,0.3605746030807495,0.00031459893216378987,0.00022369183716364205,0.0883718878030777,0.10667849332094193
youtube2_frame_5950.jpg,0.17784005403518677,0.06301011145114899,0.45929184556007385,0.00012724519183393568,0.00037761146086268127,0.21360227465629578,0.08575086295604706
youtube2_frame_6200.jpg,0.2033967524766922,0.23213128745555878,0.19545578956604004,0.0031076224986463785,0.003183624241501093,0.22506453096866608,0.13766038417816162
youtube2_frame_6450.jpg,0.245901957154274,0.049596142023801804,0.37720987200737,8.16152441984741e-06,0.0006418352131731808,0.1528334617614746,0.17380861937999725
youtube2_frame_6700.jpg,0.20512425899505615,0.13743773102760315,0.2866078019142151,2.6708921723184176e-05,0.0015317208599299192,0.22365429997444153,0.1456175148487091
youtube2_frame_6950.jpg,0.09996411204338074,0.3166286051273346,0.16082978248596191,0.00043723994167521596,0.0003262246900703758,0.38701385259628296,0.034800220280885696
youtube2_frame_700.jpg,0.09838252514600754,0.38376694917678833,0.24077431857585907,0.00011006504792021587,0.0009300436940975487,0.17978979647159576,0.09624625742435455
youtube2_frame_7200.jpg,0.19881966710090637,0.40988412499427795,0.23305445909500122,0.011769893579185009,5.877267540199682e-05,0.0954756811261177,0.050937335938215256
youtube2_frame_7450.jpg,0.20545527338981628,0.11252886801958084,0.26716703176498413,0.00033783912658691406,0.0077933697029948235,0.21074749529361725,0.19597014784812927
youtube2_frame_7700.jpg,0.29280051589012146,0.15642149746418,0.30594056844711304,0.0004298824060242623,0.0007617489318363369,0.17724984884262085,0.06639590114355087
youtube2_frame_7950.jpg,0.18295980989933014,0.08826100826263428,0.2936251163482666,0.000127488310681656,0.001885342295281589,0.2386033684015274,0.19453787803649902
youtube2_frame_8200.jpg,0.17598390579223633,0.31524085998535156,0.2830944061279297,0.007262503262609243,0.00011654921399895102,0.15545545518398285,0.06284630298614502
youtube2_frame_8450.jpg,0.1439771205186844,0.1652417927980423,0.3096275329589844,6.940637103980407e-05,0.001323441625572741,0.13322420418262482,0.24653644859790802
youtube2_frame_8700.jpg,0.14656871557235718,0.13263165950775146,0.2603190541267395,0.00011957786045968533,0.001446811482310295,0.16814640164375305,0.29076772928237915
youtube2_frame_8950.jpg,0.16042077541351318,0.14493240416049957,0.24525848031044006,0.0003166041278745979,0.0009097226429730654,0.16546018421649933,0.28270187973976135
youtube2_frame_9200.jpg,0.14621450006961823,0.13721181452274323,0.20189495384693146,0.0005534402444027364,0.002280114684253931,0.1676851361989975,0.3441600203514099
youtube2_frame_9450.jpg,0.07577873766422272,0.10093927383422852,0.3462276756763458,4.633842036128044e-05,0.0009977235458791256,0.16788414120674133,0.3081261217594147
youtube2_frame_950.jpg,0.09903401881456375,0.2976982891559601,0.3788779079914093,1.4553467735822778e-05,9.453001257497817e-05,0.1536751240491867,0.0706055536866188
youtube2_frame_9700.jpg,0.19090670347213745,0.18568649888038635,0.2357882410287857,0.0003245690604671836,0.00131154153496027,0.15591919422149658,0.2300633043050766
youtube2_frame_9950.jpg,0.1573202759027481,0.33498111367225647,0.25934046506881714,0.001339060254395008,0.0004148934967815876,0.0929284393787384,0.15367570519447327
youtube3_frame_10200.jpg,0.06510429829359055,0.26629355549812317,0.43291810154914856,0.002733080182224512,0.00010371732787461951,0.15936093032360077,0.07348628342151642
youtube3_frame_10450.jpg,0.05762474611401558,0.24091432988643646,0.36251184344291687,0.00023178495757747442,0.00032836137688718736,0.1813168078660965,0.15707220137119293
youtube3_frame_10700.jpg,0.027722161263227463,0.12232360243797302,0.39402684569358826,7.87961544119753e-05,0.00010191788896918297,0.0747644230723381,0.38098224997520447
youtube3_frame_10950.jpg,0.11419446021318436,0.19970475137233734,0.24725760519504547,0.00032466286211274564,0.001142724766395986,0.2294241189956665,0.20795170962810516
youtube3_frame_11200.jpg,0.20318466424942017,0.5023307800292969,0.22773167490959167,0.0007199561805464327,0.0001821282203309238,0.03612951934337616,0.029721228405833244
youtube3_frame_11450.jpg,0.15738163888454437,0.41446593403816223,0.1959855854511261,3.7791571230627596e-05,0.0013211080804467201,0.17130571603775024,0.059502292424440384
youtube3_frame_11700.jpg,0.15886935591697693,0.4366500973701477,0.09176469594240189,5.1471786719048396e-05,0.0007102188537828624,0.2584840953350067,0.053470078855752945
youtube3_frame_11950.jpg,0.08592981845140457,0.2571239173412323,0.41971075534820557,0.0009974035201594234,0.00021279278735164553,0.08094591647386551,0.1550794392824173
youtube3_frame_1200.jpg,0.32297343015670776,0.24327068030834198,0.3059716820716858,0.0004857050080318004,0.0001895435998449102,0.08120420575141907,0.04590475186705589
youtube3_frame_12200.jpg,0.08350563049316406,0.40544259548187256,0.28075623512268066,0.006034567020833492,0.0001407771196682006,0.1662360578775406,0.05788416415452957
youtube3_frame_12450.jpg,0.035718802362680435,0.09783252328634262,0.5685787200927734,9.014448733069003e-05,4.5356297050602734e-05,0.12383843213319778,0.17389604449272156
youtube3_frame_12700.jpg,0.10335533320903778,0.32065752148628235,0.2377333641052246,0.0006439890130423009,0.0008396953344345093,0.2326982319355011,0.10407186299562454
youtube3_frame_12950.jpg,0.011236578226089478,0.06406863033771515,0.66089928150177,3.04853110719705e-05,0.00011602372978813946,0.017589692026376724,0.2460593283176422
youtube3_frame_1450.jpg,0.09732343256473541,0.35188961029052734,0.4445244371891022,0.003902034368366003,5.1820599765051156e-05,0.05785026773810387,0.04445846378803253
youtube3_frame_1700.jpg,0.015479318797588348,0.07151946425437927,0.42257630825042725,0.00014438680955208838,0.00010269401536788791,0.3936035931110382,0.09657426923513412
youtube3_frame_1950.jpg,0.12363433837890625,0.12472879141569138,0.47770559787750244,6.409541674656793e-05,0.0001789642992662266,0.07478483766317368,0.19890333712100983
youtube3_frame_2200.jpg,0.014869192615151405,0.056710902601480484,0.5639110803604126,0.02372673898935318,3.967074007960036e-06,0.20115868747234344,0.13961945474147797
youtube3_frame_2450.jpg,0.02516290172934532,0.4505061209201813,0.2831386923789978,0.017707841470837593,1.5027935660327785e-05,0.16856208443641663,0.05490724369883537
youtube3_frame_2700.jpg,0.09946078062057495,0.14973685145378113,0.4465749263763428,0.12593747675418854,0.0012377453967928886,0.038865674287080765,0.13818655908107758
youtube3_frame_2950.jpg,0.12813878059387207,0.16959355771541595,0.30698898434638977,0.0667577013373375,0.0035412749275565147,0.19034016132354736,0.13463954627513885
youtube3_frame_3200.jpg,0.052862633019685745,0.3987137973308563,0.3489588499069214,0.005276684183627367,2.295239028171636e-05,0.1660292148590088,0.02813589572906494
youtube3_frame_3450.jpg,0.11903482675552368,0.4119519889354706,0.14673195779323578,0.0007550742593593895,0.00015853832883294672,0.23364149034023285,0.08772607147693634
youtube3_frame_3700.jpg,0.27656787633895874,0.31557974219322205,0.08574241399765015,0.00011177287524333224,0.0003868311468977481,0.2916015386581421,0.030009794980287552
youtube3_frame_3950.jpg,0.03203854709863663,0.5582993030548096,0.044285524636507034,0.0012507380452007055,2.7070809665019624e-05,0.3558773696422577,0.00822141021490097
youtube3_frame_4200.jpg,0.12636308372020721,0.19124756753444672,0.21159468591213226,0.0008073050994426012,0.00019488493853714317,0.4358364939689636,0.03395598754286766
youtube3_frame_4450.jpg,0.1164732500910759,0.17586489021778107,0.2945820391178131,0.00019105740648228675,0.0005433635087683797,0.29892978072166443,0.11341563612222672
youtube3_frame_450.jpg,0.28322240710258484,0.13017696142196655,0.14959780871868134,0.00015343877021223307,0.0005260247271507978,0.37721720337867737,0.05910617485642433
youtube3_frame_4700.jpg,0.12045801430940628,0.07392337173223495,0.3192042410373688,3.0415225410251878e-05,0.001131736091338098,0.24955318868160248,0.23569905757904053
youtube3_frame_4950.jpg,0.05973013862967491,0.21448642015457153,0.5576005578041077,0.007462693378329277,5.806714966638538e-07,0.04623418301343918,0.11448539048433304
youtube3_frame_5200.jpg,0.04794735834002495,0.723580002784729,0.03337937220931053,0.0004564747796393931,0.0001232404902111739,0.18951797485351562,0.004995556548237801
youtube3_frame_5450.jpg,0.0458742193877697,0.9017452597618103,0.037687648087739944,0.0008601727313362062,7.125082674974692e-07,0.010674928314983845,0.0031570408027619123
youtube3_frame_5700.jpg,0.16984328627586365,0.5430874824523926,0.175487220287323,0.005085080862045288,2.4411808681179537e-06,0.08239729702472687,0.0240971427410841
youtube3_frame_5950.jpg,0.05099468678236008,0.8564969301223755,0.05547221004962921,0.005886762868613005,9.834385537033086e-07,0.02886699140071869,0.0022815195843577385
youtube3_frame_6200.jpg,0.08808673918247223,0.7591572999954224,0.13063901662826538,0.007925706915557384,5.624410093219012e-08,0.00955613050609827,0.0046350532211363316
youtube3_frame_6450.jpg,0.00012211501598358154,0.00016427278751507401,0.18621963262557983,0.009014885872602463,0.02564098685979843,0.001323105301707983,0.7775149941444397
youtube3_frame_6700.jpg,0.18812431395053864,0.11763513088226318,0.5449473857879639,0.0003503094776533544,0.00038950107409618795,0.03266354277729988,0.1158897802233696
youtube3_frame_6950.jpg,0.052691273391246796,0.1031382828950882,0.4541991055011749,0.00018170395924244076,0.0009748472948558629,0.12992778420448303,0.25888699293136597
youtube3_frame_700.jpg,0.07637789845466614,0.688971996307373,0.09893089532852173,2.4821918486850336e-05,0.00031740195117890835,0.10995984077453613,0.025417160242795944
youtube3_frame_7200.jpg,0.047584451735019684,0.3517816364765167,0.4054461419582367,0.029571179300546646,8.891405741451308e-06,0.12092962861061096,0.044678106904029846
youtube3_frame_7450.jpg,0.022699065506458282,0.43889498710632324,0.3162851929664612,0.00010376231512054801,0.000411910266848281,0.1404276192188263,0.08117740601301193
youtube3_frame_7700.jpg,0.023271316662430763,0.04347282275557518,0.4380461275577545,7.768469913571607e-06,0.0005454726051539183,0.16986094415187836,0.32479554414749146
youtube3_frame_7950.jpg,0.04710846021771431,0.14882579445838928,0.6047825813293457,2.3710535970167257e-05,3.152146018692292e-05,0.0689767375588417,0.1302511841058731
youtube3_frame_8200.jpg,0.027913128957152367,0.05033084377646446,0.26507237553596497,0.0004990469315089285,0.00039703745278529823,0.32320094108581543,0.3325866460800171
youtube3_frame_8450.jpg,0.016618605703115463,0.12448430806398392,0.5958515405654907,0.0006653714226558805,8.46869224915281e-05,0.03905243054032326,0.22324302792549133
youtube3_frame_8700.jpg,0.0034414315596222878,0.00415567634627223,0.6751500964164734,2.5303013899247162e-05,2.434368525427999e-06,0.02703349106013775,0.29019156098365784
youtube3_frame_8950.jpg,0.15649022161960602,0.10583993792533875,0.3878524899482727,0.00023255060659721494,0.0025935391895473003,0.14934735000133514,0.1976439654827118
youtube3_frame_9200.jpg,0.4218481481075287,0.12673446536064148,0.1630955934524536,2.2505366359837353e-05,0.0013392491964623332,0.12244164943695068,0.16451840102672577
youtube3_frame_9450.jpg,0.10391958057880402,0.2516533434391022,0.2596171498298645,0.0002773680607788265,0.000662232399918139,0.2366231381893158,0.14724719524383545
youtube3_frame_950.jpg,0.09426668286323547,0.24399946630001068,0.47164276242256165,0.00033431005431339145,0.00022383133182302117,0.07390682399272919,0.11562614142894745
youtube3_frame_9700.jpg,0.010649420320987701,0.08450121432542801,0.5448781251907349,0.0028962441720068455,3.839056080323644e-05,0.03895018994808197,0.3180863559246063
youtube3_frame_9950.jpg,0.1294439733028412,0.3896113634109497,0.2722511887550354,0.0010165025014430285,0.0002537185500841588,0.11684343963861465,0.0905798003077507
youtube4_frame_1100.jpg,0.14385733008384705,0.08389341086149216,0.33374300599098206,6.309623859124258e-05,0.0005712365382350981,0.3003077507019043,0.13756412267684937
youtube4_frame_11300.jpg,0.23309771716594696,0.09607143700122833,0.27703049778938293,0.0001755620032781735,0.0007228770991787314,0.2683051526546478,0.1245967447757721
youtube4_frame_1700.jpg,0.021358907222747803,0.024550970643758774,0.5822440981864929,1.623305433895439e-05,0.0002945432788692415,0.12689007818698883,0.2446451485157013
youtube4_frame_200.jpg,0.08581226319074631,0.11261051893234253,0.5655682682991028,0.00042179011506959796,0.00014603865565732121,0.08030430972576141,0.15513676404953003
youtube4_frame_2000.jpg,0.06463594734668732,0.041252654045820236,0.5708497762680054,1.1360904863977339e-05,0.00016740374849177897,0.2006961852312088,0.12238667160272598
youtube4_frame_2300.jpg,0.03672746941447258,0.019449787214398384,0.4582236111164093,2.085526466544252e-05,0.000790173769928515,0.16686837375164032,0.3179197311401367
youtube4_frame_23450.png,0.21773220598697662,0.19940592348575592,0.24853172898292542,0.0018019757699221373,0.0024367531295865774,0.21766890585422516,0.11242256313562393
youtube4_frame_2600.jpg,0.013491895981132984,0.011657636612653732,0.6887622475624084,5.227582369116135e-05,8.97901481948793e-05,0.08139954507350922,0.20454667508602142
youtube4_frame_2900.jpg,0.10315439105033875,0.13352298736572266,0.4545723795890808,0.00024334032787010074,0.00014874394400976598,0.1740959733724594,0.13426218926906586
youtube4_frame_3200.jpg,0.133090540766716,0.09459596872329712,0.267587274312973,4.128475848119706e-05,0.0006410485948435962,0.36414051055908203,0.13990336656570435
youtube4_frame_45890.png,0.22915935516357422,0.4133012294769287,0.22044439613819122,0.09281933307647705,0.00038410990964621305,0.024416979402303696,0.019474580883979797
youtube4_frame_500.jpg,0.0909680426120758,0.07531429082155228,0.5011892914772034,0.0013493192382156849,0.00011859625374199823,0.15269368886947632,0.1783667504787445
youtube4_frame_5000.jpg,0.013421930372714996,0.09084168821573257,0.3586791157722473,0.31914737820625305,3.4782422062562546e-06,0.1657341569662094,0.0521722137928009
youtube4_frame_5300.jpg,0.01181029248982668,0.009044881910085678,0.8684709668159485,0.003486068220809102,1.7396794191881781e-06,0.004642077721655369,0.10254399478435516
youtube4_frame_7400.jpg,0.05213537812232971,0.16403406858444214,0.2744472026824951,0.0009126663208007812,0.00034277807571925223,0.4173624515533447,0.09076546132564545
youtube4_frame_7700.jpg,0.21693943440914154,0.16506348550319672,0.4363095462322235,0.002217533066868782,0.00011625160550465807,0.09859941154718399,0.0807543620467186
youtube4_frame_800.jpg,0.13993827998638153,0.10557100176811218,0.33179277181625366,7.021884812274948e-06,0.0010487993713468313,0.21115918457508087,0.2104828953742981
youtube4_frame_8600.jpg,0.0473620742559433,0.08608666062355042,0.5815331339836121,1.4839907635177951e-05,0.0007059773779474199,0.09287296235561371,0.19142436981201172
youtube4_frame_8900.jpg,0.031220272183418274,0.5111246109008789,0.31512513756752014,0.00012624842929653823,0.0004492479783948511,0.07270021736621857,0.0692543238401413
youtube5_frame_1000.jpg,0.03208763897418976,0.7610059380531311,0.09140023589134216,3.400768036954105e-05,0.0006924809422343969,0.09726065397262573,0.01751907542347908
youtube5_frame_1200.jpg,0.025345930829644203,0.5926952362060547,0.21281403303146362,0.0004141407844144851,0.00010302194277755916,0.14047135412693024,0.028156310319900513
youtube5_frame_1400.jpg,0.039838846772909164,0.826021134853363,0.05839791148900986,3.3508738397358684e-06,0.0002805629628710449,0.06535658985376358,0.010101581923663616
youtube5_frame_1600.jpg,0.02356494963169098,0.7359089851379395,0.12969838082790375,5.828565008414444e-06,0.00017602831940166652,0.0860542580485344,0.024591678753495216
youtube5_frame_1800.jpg,0.080877885222435,0.6126819849014282,0.2136610746383667,2.327217771380674e-05,4.3068685045000166e-05,0.05386461317539215,0.03884800523519516
youtube5_frame_200.jpg,0.01490172278136015,0.061023976653814316,0.5438113212585449,1.5541068933089264e-05,0.0001868936960818246,0.05476667359471321,0.3252938985824585
youtube5_frame_2000.jpg,0.03351611644029617,0.7097229957580566,0.13713154196739197,3.1566290999762714e-05,0.0003295562928542495,0.08144785463809967,0.037820372730493546
youtube5_frame_2200.jpg,0.024897057563066483,0.9075519442558289,0.028020894154906273,2.07919939043677e-07,0.00022874567366670817,0.03446103259921074,0.004840085282921791
youtube5_frame_2400.jpg,0.04237429052591324,0.6362006664276123,0.15668508410453796,1.300829126194003e-06,0.0014340864727273583,0.12249158322811127,0.04081299155950546
youtube5_frame_3000.jpg,0.045386165380477905,0.899592936038971,0.03621363267302513,0.0005556289688684046,1.4790208524573245e-06,0.015436118468642235,0.0028140563517808914
youtube5_frame_3200.jpg,0.17090561985969543,0.3356572687625885,0.1843300759792328,0.006109121721237898,0.0010495578171685338,0.242067351937294,0.059881020337343216
youtube5_frame_3400.jpg,0.04190292954444885,0.691886842250824,0.1644529551267624,0.011657276190817356,7.502333687625651e-07,0.08082055300474167,0.009278737008571625
youtube5_frame_3600.jpg,0.09254484623670578,0.8141973614692688,0.07281336933374405,0.005843217950314283,3.7576032809738535e-06,0.013067802414298058,0.0015296650817617774
youtube5_frame_3800.jpg,0.2615281045436859,0.2736740708351135,0.24917912483215332,0.0003175901947543025,0.0006190376589074731,0.14185605943202972,0.0728260949254036
youtube5_frame_400.jpg,0.010859762318432331,0.13723178207874298,0.683102548122406,1.0822402146004606e-05,0.00012911841622553766,0.06065158545970917,0.10801436752080917
youtube5_frame_4000.jpg,0.03333461284637451,0.20291325449943542,0.13149556517601013,0.035811785608530045,0.00010474681766936556,0.5728268027305603,0.023513272404670715
youtube5_frame_4200.jpg,0.05202879384160042,0.8101751804351807,0.06942983716726303,0.00503496965393424,3.7128490930626867e-06,0.05703688785433769,0.006290636956691742
youtube5_frame_4600.jpg,0.06503444910049438,0.20084097981452942,0.49454179406166077,0.001665247604250908,0.00023390940623357892,0.06339117884635925,0.1742924004793167
youtube5_frame_4800.jpg,0.0625501498579979,0.20692972838878632,0.31589508056640625,0.005782207008451223,0.002198384143412113,0.23505592346191406,0.17158852517604828
youtube5_frame_5000.jpg,0.06566853076219559,0.5541127920150757,0.22269007563591003,7.935980829643086e-05,0.00043118491885252297,0.12608006596565247,0.0309380404651165
youtube6_frame_10100.jpg,0.22347985208034515,0.10743404179811478,0.2054552435874939,0.0029138897079974413,0.007864885032176971,0.1506817489862442,0.3021703064441681
youtube6_frame_1100.jpg,0.2012486606836319,0.17923539876937866,0.2811379134654999,0.05503087490797043,0.025070561096072197,0.12110491842031479,0.1371716558933258
youtube6_frame_1400.jpg,0.2526635229587555,0.18772198259830475,0.35267969965934753,0.0024471855722367764,0.0007988451397977769,0.030275695025920868,0.17341302335262299
youtube6_frame_1700.jpg,0.12686489522457123,0.019771691411733627,0.6380320191383362,0.001546823070384562,0.0002612016978673637,0.10918564349412918,0.1043376475572586
youtube6_frame_200.jpg,0.14183835685253143,0.1399012953042984,0.4054583013057709,0.0017551538767293096,0.002951163100078702,0.07656236737966537,0.23153337836265564
youtube6_frame_2000.jpg,0.052239421755075455,0.05294116958975792,0.4593944549560547,0.008359945379197598,0.0007550762384198606,0.18443484604358673,0.2418750673532486
youtube6_frame_2300.jpg,0.044106628745794296,0.11632823199033737,0.4262752830982208,0.0014935880899429321,0.0004194263892713934,0.14992640912532806,0.26145046949386597
youtube6_frame_2600.jpg,0.007830715738236904,0.06874927878379822,0.018461037427186966,0.8723722696304321,7.106184511940228e-06,0.03198840096592903,0.0005911626503802836
youtube6_frame_2900.jpg,0.13804054260253906,0.30262356996536255,0.5319792032241821,0.009402405470609665,5.415149189502699e-06,0.002708353567868471,0.015240538865327835
youtube6_frame_3500.jpg,0.15405024588108063,0.02003861777484417,0.6898873448371887,0.0037850302178412676,0.0007974461186677217,0.03203432634472847,0.09940698742866516
youtube6_frame_3800.jpg,0.12994590401649475,0.09295618534088135,0.5985679030418396,0.0004933904274366796,0.0008453703485429287,0.04251088201999664,0.1346803903579712
youtube6_frame_4100.jpg,0.20208962261676788,0.21409806609153748,0.47811242938041687,0.0009569309186190367,0.0004719599091913551,0.0606050081551075,0.04366598650813103
youtube6_frame_4400.jpg,0.027559472247958183,0.03164313733577728,0.47276729345321655,0.2846960425376892,0.0009705250267870724,0.03689568489789963,0.1454678177833557
youtube6_frame_4700.jpg,0.05611952021718025,0.09280306845903397,0.5767954587936401,0.02177559956908226,0.016882896423339844,0.09402279555797577,0.1416006237268448
youtube6_frame_500.jpg,0.13629211485385895,0.09957651048898697,0.4724441170692444,0.00013067209511063993,0.0014131946954876184,0.07086661458015442,0.21927684545516968
youtube6_frame_5000.jpg,0.03989298641681671,0.2065291404724121,0.6632205843925476,0.006358603946864605,0.00015249162970576435,0.014904875308275223,0.06894128769636154
youtube6_frame_5300.jpg,0.11139950156211853,0.24423748254776,0.3565358519554138,0.11364169418811798,0.00693503487855196,0.0809657946228981,0.08628469705581665
youtube6_frame_5600.jpg,0.23812665045261383,0.07147791981697083,0.6281610727310181,0.012121424078941345,1.71434639923973e-05,0.006966639310121536,0.04312916472554207
youtube6_frame_5900.jpg,0.10700000077486038,0.3372294008731842,0.45541492104530334,0.006367136258631945,5.232558032730594e-05,0.01910262182354927,0.0748336911201477
youtube6_frame_6200.jpg,0.13687369227409363,0.07737230509519577,0.6683495044708252,0.0021784694399684668,0.00024719719658605754,0.01782064139842987,0.09715817868709564
youtube6_frame_6500.jpg,0.12833096086978912,0.03900826349854469,0.62172532081604,0.00020513247000053525,0.00010133587784366682,0.02199593000113964,0.18863306939601898
youtube6_frame_6800.jpg,0.19324155151844025,0.07817810028791428,0.6299123167991638,0.043705083429813385,5.7284601098217536e-06,0.027189014479517937,0.027768194675445557
youtube6_frame_7400.jpg,0.23733842372894287,0.12073958665132523,0.2598157227039337,0.0024522566236555576,0.007279267068952322,0.14392973482608795,0.22844508290290833
youtube6_frame_800.jpg,0.05680694803595543,0.14763733744621277,0.3456282913684845,0.36699575185775757,0.0016860394971445203,0.03336203843355179,0.04788367450237274
youtube6_frame_8000.jpg,0.4317513406276703,0.20358429849147797,0.332133412361145,0.003827921813353896,8.370910109078977e-06,0.007337294518947601,0.021357297897338867
youtube6_frame_8300.jpg,0.021276045590639114,0.08586593717336655,0.8420783877372742,7.812201511114836e-05,1.0226543963653967e-05,0.0030808625742793083,0.04761040210723877
youtube6_frame_8600.jpg,0.31781432032585144,0.22292204201221466,0.2612765431404114,0.00236015603877604,0.00036314711906015873,0.13941583037376404,0.05584795027971268
youtube6_frame_8900.jpg,0.24132706224918365,0.35791632533073425,0.15603028237819672,0.0005262621561996639,0.0035624883603304625,0.16134992241859436,0.07928762584924698
youtube6_frame_9200.jpg,0.11625595390796661,0.20655111968517303,0.4596981108188629,0.17690573632717133,2.733777728280984e-05,0.01457774918526411,0.025983931496739388
youtube6_frame_9500.jpg,0.039123862981796265,0.8157441020011902,0.06345786154270172,0.00041275640251114964,0.00021136524446774274,0.0720420777797699,0.009007927030324936
youtube6_frame_9800.jpg,0.2504301071166992,0.025095658376812935,0.36412298679351807,0.0008660134044475853,0.002111732494086027,0.09846276044845581,0.25891080498695374
youtube7_frame_10100.jpg,0.10368186235427856,0.6558140516281128,0.07449978590011597,1.5099984011612833e-05,0.002956673502922058,0.12975049018859863,0.03328210860490799
youtube7_frame_10400.jpg,0.05560988560318947,0.08857608586549759,0.668881356716156,4.5176766434451565e-06,0.00035573888453654945,0.025289030745625496,0.16128338873386383
youtube7_frame_10700.jpg,0.0843416303396225,0.14591608941555023,0.618036687374115,2.3829511519579682e-06,0.0005594433168880641,0.026292672380805016,0.1248510405421257
youtube7_frame_1100.jpg,0.040134530514478683,0.01572905294597149,0.7972732186317444,1.2060814924552687e-06,8.414540207013488e-05,0.022015312686562538,0.12476246803998947
youtube7_frame_11000.jpg,0.17973417043685913,0.20956023037433624,0.24835219979286194,0.00035523087717592716,0.001621172414161265,0.1425216943025589,0.217855304479599
youtube7_frame_11300.jpg,0.10014327615499496,0.12093449383974075,0.36860132217407227,2.2304408048512414e-05,0.0015683387173339725,0.09747377783060074,0.311256468296051
youtube7_frame_11600.jpg,0.16391389071941376,0.16252906620502472,0.3056654930114746,0.00011233737313887104,0.0024728921707719564,0.13130627572536469,0.2340000420808792
youtube7_frame_1400.jpg,0.038418568670749664,0.007666410878300667,0.7183981537818909,2.874547249120951e-07,0.0003866766928695142,0.02808987721800804,0.20704002678394318
youtube7_frame_1700.jpg,0.047117698937654495,0.05890636146068573,0.8130940794944763,2.2937376797926845e-06,4.663758591050282e-05,0.009994224645197392,0.07083868235349655
youtube7_frame_2300.jpg,0.07244060188531876,0.0850418284535408,0.6857012510299683,7.59265913075069e-06,0.000382089929189533,0.032565485686063766,0.12386114150285721
youtube7_frame_2900.jpg,0.25814348459243774,0.13909052312374115,0.19568009674549103,0.0035974369384348392,0.00688173808157444,0.1888437569141388,0.20776298642158508
youtube7_frame_3200.jpg,0.024859758093953133,0.03701891750097275,0.7649630904197693,4.616902151610702e-05,5.8869740314548835e-05,0.03610774502158165,0.13694559037685394
youtube7_frame_3500.jpg,0.062057893723249435,0.026779988780617714,0.6991220712661743,2.18170089283376e-06,0.0003127461823169142,0.024438563734292984,0.18728657066822052
youtube7_frame_3800.jpg,0.13286985456943512,0.10015755146741867,0.43445220589637756,0.00011845016706502065,0.001928586047142744,0.10135938972234726,0.22911407053470612
youtube7_frame_4100.jpg,0.19251210987567902,0.3276003897190094,0.2716652452945709,0.00017284321074839681,0.0016944381641224027,0.10038118809461594,0.10597377270460129
youtube7_frame_4400.jpg,0.2367086559534073,0.20126140117645264,0.2647271454334259,0.0003438577405177057,0.0014898451045155525,0.14842261373996735,0.14704644680023193
youtube7_frame_4700.jpg,0.14402389526367188,0.0791388601064682,0.3051096796989441,6.665195542154834e-06,0.0031739685218781233,0.2950129508972168,0.17353397607803345
youtube7_frame_500.jpg,0.02568058855831623,0.042633164674043655,0.8222572803497314,6.7395990299701225e-06,7.904433732619509e-05,0.011705800890922546,0.09763731807470322
youtube7_frame_5000.jpg,0.16538019478321075,0.14093422889709473,0.3625611662864685,9.094793313124683e-06,0.003103864612057805,0.18757249414920807,0.14043889939785004
youtube7_frame_5300.jpg,0.10442899912595749,0.036604996770620346,0.46578139066696167,6.503420308945351e-07,0.001118296873755753,0.12718039751052856,0.26488521695137024
youtube7_frame_5600.jpg,0.14724092185497284,0.44979631900787354,0.224124938249588,0.00020416983170434833,0.0020420479122549295,0.11301574110984802,0.06357589364051819
youtube7_frame_5900.jpg,0.05084529146552086,0.18852506577968597,0.5054214596748352,2.0329339349700604e-06,0.0010045079980045557,0.05936247855424881,0.19483914971351624
youtube7_frame_6200.jpg,0.18774227797985077,0.14446458220481873,0.258818119764328,1.717447020155305e-07,0.0009625773527659476,0.2235536426305771,0.1844586580991745
youtube7_frame_6500.jpg,0.09242215007543564,0.3436129689216614,0.3496697247028351,7.586798346892465e-06,0.0033554399851709604,0.07332934439182281,0.137602761387825
youtube7_frame_6800.jpg,0.13734035193920135,0.1715250164270401,0.35554108023643494,0.00010356790153309703,0.0029205179307609797,0.11228448152542114,0.22028501331806183
youtube7_frame_7100.jpg,0.1645616739988327,0.41638872027397156,0.1394599974155426,3.921354436897673e-05,0.00496544549241662,0.16295935213565826,0.11162561178207397
youtube7_frame_7400.jpg,0.04800037667155266,0.02179703488945961,0.5645802021026611,3.144720903947018e-05,0.0003797525423578918,0.04406382888555527,0.3211473226547241
youtube7_frame_7700.jpg,0.039890747517347336,0.06717134267091751,0.33389487862586975,0.00011533185170264915,0.0010903022484853864,0.12904803454875946,0.42878928780555725
youtube7_frame_800.jpg,0.08997452259063721,0.09193922579288483,0.6140985488891602,1.689938835625071e-05,0.0004215644730720669,0.03648613020777702,0.16706307232379913
youtube7_frame_8300.jpg,0.05764855071902275,0.2909860908985138,0.3560020923614502,3.971486148657277e-05,0.003147413954138756,0.20466552674770355,0.08751057088375092
youtube7_frame_8600.jpg,0.0691378191113472,0.30885621905326843,0.26971760392189026,2.3809450794942677e-05,0.01570160686969757,0.2275063693523407,0.10905654728412628
youtube7_frame_8900.jpg,0.08972025662660599,0.6200780272483826,0.11102325469255447,0.00027474938542582095,0.0012765134451910853,0.13338951766490936,0.04423768073320389
youtube7_frame_9200.jpg,0.16377265751361847,0.028331002220511436,0.48412537574768066,7.385852995867026e-07,0.002454110188409686,0.1696699857711792,0.15164615213871002
youtube7_frame_9500.jpg,0.10228527337312698,0.07038643211126328,0.38845860958099365,0.00012260791845619678,0.0012403466971591115,0.08900397270917892,0.3485027849674225
youtube7_frame_9800.jpg,0.13192062079906464,0.0966949611902237,0.49433332681655884,2.3799235350452363e-05,0.0011815655743703246,0.05232387036085129,0.22352196276187897
youtube8_frame_10100.jpg,0.303200900554657,0.07930056750774384,0.2556760013103485,7.184540299931541e-05,0.00373181514441967,0.20777364075183868,0.1502452790737152
youtube8_frame_10400.jpg,0.22285810112953186,0.28277215361595154,0.17909330129623413,0.0003892547101713717,0.0012329395394772291,0.18747295439243317,0.12618134915828705
youtube8_frame_10700.jpg,0.30809229612350464,0.15599019825458527,0.16711615025997162,6.85013656038791e-05,0.0014004403492435813,0.3161765933036804,0.051155880093574524
youtube8_frame_1100.jpg,0.23054049909114838,0.2708759605884552,0.18846620619297028,0.0001083544921129942,0.001999170985072851,0.1993333250284195,0.10867646336555481
youtube8_frame_11000.jpg,0.3082999885082245,0.1290992647409439,0.21664941310882568,0.00025964935775846243,0.0027858729008585215,0.225942000746727,0.11696382611989975
youtube8_frame_11300.jpg,0.26297327876091003,0.15046028792858124,0.271832138299942,8.621473534731194e-05,0.0007657135720364749,0.15026497840881348,0.16361741721630096
youtube8_frame_11600.jpg,0.28725332021713257,0.22502018511295319,0.18140104413032532,5.9665984736057e-05,0.002508611883968115,0.2133549153804779,0.09040224552154541
youtube8_frame_11900.jpg,0.21763671934604645,0.10516396164894104,0.2366218864917755,3.291202665423043e-05,0.001130281831137836,0.31100010871887207,0.12841413915157318
youtube8_frame_12500.jpg,0.2962474524974823,0.3495463728904724,0.10310807079076767,3.918143193004653e-05,0.001713064033538103,0.2141285538673401,0.035217367112636566
youtube8_frame_12800.jpg,0.1777050942182541,0.06355646997690201,0.3646579384803772,0.00036125018959864974,0.0013972168089821935,0.12805277109146118,0.26426926255226135
youtube8_frame_13100.jpg,0.21412771940231323,0.12493116408586502,0.2654469907283783,0.0006687788409180939,0.0014438398648053408,0.20507857203483582,0.1883029341697693
youtube8_frame_13400.jpg,0.1575479358434677,0.2848578989505768,0.4179914593696594,0.0008538735564798117,2.1504394680960104e-05,0.06332684308290482,0.07540050148963928
youtube8_frame_13700.jpg,0.4080286920070648,0.14431530237197876,0.17559106647968292,0.0002103172882925719,0.0027949472423642874,0.1871197372674942,0.08193998783826828
youtube8_frame_1400.jpg,0.27641916275024414,0.1503467708826065,0.23193900287151337,0.0009918510913848877,0.0048241098411381245,0.19322438538074493,0.1422547549009323
youtube8_frame_14000.jpg,0.2934074103832245,0.1636180281639099,0.2586789131164551,0.00015881590661592782,0.0014693725388497114,0.15297162532806396,0.1296958178281784
youtube8_frame_14300.jpg,0.291551798582077,0.2584429979324341,0.13704268634319305,6.100063546909951e-05,0.0025036900769919157,0.23207511007785797,0.07832277566194534
youtube8_frame_14600.jpg,0.2205156683921814,0.11169137060642242,0.23060911893844604,4.48637074441649e-05,0.001286122016608715,0.2948720157146454,0.14098083972930908
youtube8_frame_14900.jpg,0.25023749470710754,0.2708745002746582,0.17379046976566315,0.00019906219677068293,0.0015103403711691499,0.22472167015075684,0.07866644859313965
youtube8_frame_15200.jpg,0.2666196823120117,0.13607552647590637,0.25870323181152344,0.00028156660846434534,0.0020326680969446898,0.2035222053527832,0.13276509940624237
youtube8_frame_15500.jpg,0.23710939288139343,0.14697875082492828,0.32376986742019653,4.445650120032951e-05,0.0009457963169552386,0.15735696256160736,0.13379475474357605
youtube8_frame_15800.jpg,0.31831640005111694,0.11607576906681061,0.21079324185848236,0.0005593191599473357,0.003373614978045225,0.21159037947654724,0.13929125666618347
youtube8_frame_16100.jpg,0.24460412561893463,0.14471644163131714,0.30794644355773926,0.00016379158478230238,0.0032500324305146933,0.16298255324363708,0.1363365650177002
youtube8_frame_1700.jpg,0.3191002309322357,0.15062977373600006,0.16336800158023834,0.00039641791954636574,0.004577631130814552,0.2565973103046417,0.1053306981921196
youtube8_frame_2000.jpg,0.24781081080436707,0.1015520840883255,0.29306215047836304,0.00035957747604697943,0.0022460499312728643,0.11496200412511826,0.24000726640224457
youtube8_frame_2300.jpg,0.26492851972579956,0.20806735754013062,0.17496195435523987,7.627979357494041e-05,0.0035996632650494576,0.25747212767601013,0.09089405834674835
youtube8_frame_2600.jpg,0.15245556831359863,0.3908972442150116,0.24435456097126007,2.434807174722664e-05,0.0005592340021394193,0.15215785801410675,0.059551164507865906
youtube8_frame_2900.jpg,0.2698710262775421,0.24287857115268707,0.17631743848323822,0.00038506800774484873,0.001794787123799324,0.22156070172786713,0.08719240874052048
youtube8_frame_3200.jpg,0.327807754278183,0.11229261755943298,0.22056464850902557,0.00020133599173277617,0.003024996491149068,0.2274085432291031,0.10870012640953064
youtube8_frame_3500.jpg,0.14267034828662872,0.2239244133234024,0.2936423420906067,0.0008593335514888167,0.0065755778923630714,0.13725484907627106,0.19507308304309845
youtube8_frame_3800.jpg,0.17199593782424927,0.40736106038093567,0.29433757066726685,0.0002809230063576251,4.751572123495862e-05,0.07702271640300751,0.0489543117582798
youtube8_frame_4100.jpg,0.18368971347808838,0.3950490355491638,0.351792573928833,0.0020084583666175604,5.001453246222809e-06,0.0433804877102375,0.024074716493487358
youtube8_frame_4400.jpg,0.11501744389533997,0.08338948339223862,0.37582501769065857,0.00016648338350933045,0.001927536097355187,0.15436653792858124,0.2693074941635132
youtube8_frame_4700.jpg,0.26339977979660034,0.2008318305015564,0.19387249648571014,4.381440521683544e-05,0.0015534718986600637,0.23721957206726074,0.10307902097702026
youtube8_frame_500.jpg,0.34545570611953735,0.2045525163412094,0.18441082537174225,0.00024136608408298343,0.0014663577312603593,0.19589437544345856,0.0679788589477539
youtube8_frame_5000.jpg,0.3121529221534729,0.10302082449197769,0.2287783920764923,0.00019392359536141157,0.0024874662049114704,0.23377469182014465,0.11959181725978851
youtube8_frame_5300.jpg,0.1284320205450058,0.1453353315591812,0.4848060607910156,0.0038271539378911257,0.00031355119426734746,0.0764535441994667,0.16083233058452606
youtube8_frame_5600.jpg,0.22727200388908386,0.36417898535728455,0.3397171199321747,0.0012765036663040519,3.4024098567897454e-05,0.025839896872639656,0.04168154299259186
youtube8_frame_5900.jpg,0.3787144422531128,0.1635216325521469,0.14866895973682404,7.62533672968857e-05,0.004483373835682869,0.22672216594219208,0.07781318575143814
youtube8_frame_6200.jpg,0.2689077854156494,0.15826719999313354,0.3273544907569885,0.0009061361779458821,0.0013669505715370178,0.15113069117069244,0.09206671267747879
youtube8_frame_6500.jpg,0.12415942549705505,0.4568948745727539,0.1695842146873474,3.702364210766973e-06,0.0007093170424923301,0.21505650877952576,0.033592015504837036
youtube8_frame_6800.jpg,0.37176188826560974,0.18434186279773712,0.1712348610162735,1.6256926755886525e-05,0.0009229321149177849,0.23612160980701447,0.03560055419802666
youtube8_frame_7100.jpg,0.2942180037498474,0.13137097656726837,0.2764606177806854,0.0009138713357970119,0.0029441826045513153,0.1485476791858673,0.14554463326931
youtube8_frame_7400.jpg,0.2453889101743698,0.2851986885070801,0.15711709856987,0.0004300389555282891,0.0021296278573572636,0.2031717151403427,0.10656388103961945
youtube8_frame_7700.jpg,0.2661372423171997,0.17646677792072296,0.21596023440361023,0.0001245704770553857,0.0023394920863211155,0.21116840839385986,0.1278032660484314
youtube8_frame_800.jpg,0.22363027930259705,0.24398627877235413,0.4391924738883972,0.0017277393490076065,5.034904825151898e-05,0.05322153866291046,0.03819139301776886
youtube8_frame_8000.jpg,0.3356045186519623,0.10038314759731293,0.2200172245502472,0.00027362859691493213,0.0032027894631028175,0.2270876169204712,0.11343108862638474
youtube8_frame_8600.jpg,0.14243842661380768,0.11972998082637787,0.3857921063899994,0.00023894380137789994,0.0015270519070327282,0.13787969946861267,0.21239374577999115
youtube8_frame_8900.jpg,0.30030685663223267,0.10554827749729156,0.22512602806091309,0.0001540111843496561,0.0027831827756017447,0.24981172382831573,0.11626997590065002
youtube8_frame_9200.jpg,0.2977159023284912,0.26075634360313416,0.16604681313037872,0.00010125997505383566,0.0014707192312926054,0.19537438452243805,0.07853459566831589
youtube8_frame_9500.jpg,0.09577574580907822,0.009081290103495121,0.2883284389972687,1.899070298350125e-06,0.0013874240685254335,0.15882422029972076,0.44660094380378723
youtube8_frame_9800.jpg,0.253227174282074,0.12539438903331757,0.3298291265964508,0.0007209703326225281,0.000635727948974818,0.18052938580513,0.10966319590806961
youtube9_frame_10100.jpg,0.08830160647630692,0.4857253432273865,0.16583266854286194,0.0010064237285405397,7.194942008936778e-05,0.19801928102970123,0.06104277819395065
youtube9_frame_10400.jpg,0.06196519732475281,0.023449869826436043,0.6064243316650391,7.617381470481632e-06,0.0005030477186664939,0.07549469918012619,0.2321552187204361
youtube9_frame_10700.jpg,0.19907891750335693,0.3011675179004669,0.2849932909011841,0.0005999692366458476,0.00018351363542024046,0.16334760189056396,0.05062919482588768
youtube9_frame_1100.jpg,0.007137875072658062,0.00899137556552887,0.7942614555358887,0.00015243759844452143,3.0704843084095046e-05,0.03138408809900284,0.1580420881509781
youtube9_frame_11000.jpg,0.10077868402004242,0.4228169620037079,0.07752909511327744,0.00027385278372094035,0.0004771481326315552,0.3763542175292969,0.021770086139440536
youtube9_frame_11300.jpg,0.2064393013715744,0.16989155113697052,0.08996342122554779,1.2390501069603488e-05,0.0002396007184870541,0.5078763365745544,0.02557734213769436
youtube9_frame_11600.jpg,0.20720615983009338,0.212999165058136,0.16559459269046783,6.370956725731958e-06,0.001182102714665234,0.3112447261810303,0.10176688432693481
youtube9_frame_11900.jpg,0.0890580490231514,0.2954765558242798,0.390216588973999,4.53122120234184e-05,0.0008455374627374113,0.12565267086029053,0.09870531409978867
youtube9_frame_12200.jpg,0.053050585091114044,0.6201716065406799,0.09331666678190231,0.00014277806621976197,0.00010206798469880596,0.20504170656204224,0.028174620121717453
youtube9_frame_12500.jpg,0.10857121646404266,0.2767409086227417,0.4025723338127136,0.0003682938404381275,0.00042636707075871527,0.11085198819637299,0.10046892613172531
youtube9_frame_12800.jpg,0.0906856432557106,0.626454770565033,0.02734263613820076,5.225647782935994e-06,0.000372791982954368,0.24813739955425262,0.007001569494605064
youtube9_frame_13100.jpg,0.07528089731931686,0.06781912595033646,0.469714879989624,0.00030431567574851215,0.0007099601207301021,0.2540019452571869,0.1321689337491989
youtube9_frame_13400.jpg,0.20269089937210083,0.15883342921733856,0.18751311302185059,3.226193439331837e-05,0.0017216632841154933,0.3749881684780121,0.0742204338312149
youtube9_frame_13700.jpg,0.1344754844903946,0.05366116762161255,0.3920876979827881,1.4015370652487036e-05,0.0013335100375115871,0.22266265749931335,0.195765420794487
youtube9_frame_1400.jpg,0.054265428334474564,0.5923096537590027,0.1607445627450943,3.270255183451809e-05,0.0012162858620285988,0.16226498782634735,0.02916635572910309
youtube9_frame_14000.jpg,0.07343856990337372,0.5445279479026794,0.08374191075563431,0.00032045383704826236,0.0002783070376608521,0.26935315132141113,0.02833966538310051
youtube9_frame_14300.jpg,0.164690762758255,0.11608940362930298,0.25207147002220154,0.00039065771852619946,0.0015517418505623937,0.3456979990005493,0.11950798332691193
youtube9_frame_14600.jpg,0.07991768419742584,0.10933930426836014,0.4538862705230713,9.837808647716884e-07,0.0008170625660568476,0.1352270096540451,0.2208116501569748
youtube9_frame_14900.jpg,0.0595724880695343,0.16522416472434998,0.3840649724006653,0.00045047118328511715,0.0004241789283696562,0.19561153650283813,0.19465218484401703
youtube9_frame_15200.jpg,0.041475147008895874,0.18257303535938263,0.5252900719642639,6.32567098364234e-05,0.0004352019459474832,0.0928158089518547,0.15734755992889404
youtube9_frame_15500.jpg,0.1558580845594406,0.13091620802879333,0.2958707809448242,1.305594287259737e-05,0.001323618576861918,0.247808039188385,0.16821028292179108
youtube9_frame_15800.jpg,0.038817260414361954,0.548561155796051,0.03932725638151169,0.00141328782774508,4.100606020074338e-05,0.36655697226524353,0.00528308842331171
youtube9_frame_16100.jpg,0.04657887667417526,0.04074220359325409,0.5010490417480469,0.0003527070803102106,0.0004596338840201497,0.14164800941944122,0.26916950941085815
youtube9_frame_16400.jpg,0.10098278522491455,0.1621839553117752,0.4395246207714081,3.743528577615507e-05,0.0007038787589408457,0.17608202993869781,0.12048523128032684
youtube9_frame_16700.jpg,0.04758719727396965,0.21718524396419525,0.15460947155952454,0.004983256570994854,7.477265899069607e-05,0.5375564098358154,0.03800361230969429
youtube9_frame_1700.jpg,0.06055988743901253,0.6625131964683533,0.07015769183635712,0.00015423898003064096,6.484361801994964e-05,0.1842743456363678,0.022275827825069427
youtube9_frame_17000.jpg,0.11219297349452972,0.062139686197042465,0.2984578013420105,2.200991912104655e-05,0.0021642933133989573,0.25870752334594727,0.26631563901901245
youtube9_frame_17600.jpg,0.022500421851873398,0.03411807119846344,0.5217421650886536,1.09715506368957e-06,0.000644256011582911,0.08550283312797546,0.3354911506175995
youtube9_frame_17900.jpg,0.08160888403654099,0.45348209142684937,0.1608424037694931,5.552980837819632e-06,0.0003599977935664356,0.2504841089248657,0.053216949105262756
youtube9_frame_18200.jpg,0.06472926586866379,0.11997178196907043,0.5314472913742065,0.0002643087937030941,0.0001646801392780617,0.06927678734064102,0.21414586901664734
youtube9_frame_200.jpg,0.0850445106625557,0.04606052488088608,0.3932994306087494,5.451227116282098e-05,0.000564198533538729,0.2271670550107956,0.24780972301959991
youtube9_frame_2000.jpg,0.06712917238473892,0.12848035991191864,0.5370876789093018,3.6976947740186006e-05,9.521636093268171e-05,0.07983291894197464,0.18733765184879303
youtube9_frame_2300.jpg,0.1995362788438797,0.3321409225463867,0.15949508547782898,1.0404505701444577e-05,0.0003992037381976843,0.25940898060798645,0.049009162932634354
youtube9_frame_2600.jpg,0.12597520649433136,0.47083407640457153,0.08072314411401749,4.3778498366009444e-05,0.0005490752519108355,0.29547661542892456,0.0263980645686388
youtube9_frame_2900.jpg,0.11807151883840561,0.0602186843752861,0.39159834384918213,0.00014583389565814286,0.0011106341844424605,0.2412302941083908,0.18762464821338654
youtube9_frame_3200.jpg,0.145878404378891,0.27330535650253296,0.3030549883842468,6.188322458910989e-06,0.00019587628776207566,0.17150631546974182,0.10605283826589584
youtube9_frame_3500.jpg,0.08595683425664902,0.5789307951927185,0.09917640686035156,0.00040892348624765873,0.0002509820042178035,0.17447859048843384,0.06079748645424843
youtube9_frame_3800.jpg,0.07784607261419296,0.7200918793678284,0.08497193455696106,3.715892671607435e-05,0.0002433663757983595,0.09659577161073685,0.020213741809129715
youtube9_frame_4100.jpg,0.13977906107902527,0.6054021716117859,0.08655925840139389,9.628161024011206e-06,0.0002142087323591113,0.15710343420505524,0.010932223871350288
youtube9_frame_4400.jpg,0.04699809104204178,0.04917687550187111,0.4909139573574066,1.2644436537811998e-05,0.0005659482558257878,0.14791251718997955,0.26441991329193115
youtube9_frame_4700.jpg,0.07184708118438721,0.7386985421180725,0.08189759403467178,4.49473736807704e-06,0.00044606439769268036,0.0806315541267395,0.02647472731769085
youtube9_frame_500.jpg,0.039815232157707214,0.2605472505092621,0.340399831533432,0.004152076784521341,2.513095569156576e-05,0.25793421268463135,0.09712620079517365
youtube9_frame_5000.jpg,0.1691185086965561,0.4186655282974243,0.19373100996017456,3.73842594854068e-05,0.00046601289068348706,0.12087424844503403,0.09710724651813507
youtube9_frame_5300.jpg,0.15768158435821533,0.36551913619041443,0.10175548493862152,0.00017241975001525134,0.000347648689057678,0.3392011523246765,0.03532259538769722
youtube9_frame_5600.jpg,0.12142432481050491,0.3628500699996948,0.2683766782283783,6.64471517666243e-05,0.0007993282051756978,0.14387597143650055,0.10260720551013947
youtube9_frame_5900.jpg,0.010605559684336185,0.04638811945915222,0.7426014542579651,1.7542022760608234e-05,7.471797289326787e-05,0.03102917969226837,0.1692834496498108
youtube9_frame_6200.jpg,0.1263570785522461,0.4402022361755371,0.21479766070842743,5.931164923822507e-05,0.0002986995386891067,0.15389901399612427,0.06438601016998291
youtube9_frame_6500.jpg,0.06844926625490189,0.08856239914894104,0.5924428701400757,3.273946276749484e-05,0.00035419216146692634,0.09992393106222153,0.1502346247434616
youtube9_frame_6800.jpg,0.10433036088943481,0.21959950029850006,0.25491246581077576,8.873813931131735e-05,0.0006569448160007596,0.3011816143989563,0.11923039704561234
youtube9_frame_7100.jpg,0.05298614874482155,0.0835891142487526,0.4806016683578491,2.5107878173002973e-05,6.312354526016861e-05,0.11403172463178635,0.26870307326316833
youtube9_frame_7400.jpg,0.12715865671634674,0.09656736254692078,0.6293737292289734,0.0003852995578199625,0.00011885318235727027,0.07066433131694794,0.0757317915558815
youtube9_frame_7700.jpg,0.330762654542923,0.07456554472446442,0.3426882326602936,0.0007536887424066663,0.001244212151505053,0.09154785424470901,0.15843774378299713
youtube9_frame_800.jpg,0.01981979049742222,0.056198932230472565,0.6670891642570496,0.00010114887118106708,8.935019286582246e-05,0.08402809500694275,0.1726735532283783
youtube9_frame_8000.jpg,0.01849232241511345,0.004311986267566681,0.4949590861797333,7.858022399886977e-06,0.0009179195621982217,0.015424128621816635,0.4658867418766022
youtube9_frame_8300.jpg,0.14181435108184814,0.1864386647939682,0.33218374848365784,7.36434776626993e-06,0.0015623642830178142,0.1882372349500656,0.14975625276565552
youtube9_frame_8600.jpg,0.18172124028205872,0.3152497410774231,0.16487736999988556,0.00027755129849538207,0.0010810469975695014,0.25199270248413086,0.08480033278465271
youtube9_frame_8900.jpg,0.08096766471862793,0.602084755897522,0.12127877026796341,0.00010774342808872461,0.00014349228877108544,0.1604481190443039,0.03496945649385452
youtube9_frame_9200.jpg,0.07031039148569107,0.09460095316171646,0.48450684547424316,3.7000030715717e-05,0.00021387422748375684,0.22938935458660126,0.12094162404537201
youtube9_frame_9500.jpg,0.10477802157402039,0.39712226390838623,0.26878586411476135,0.0002610960218589753,0.0002456583606544882,0.14065419137477875,0.08815295994281769
youtube9_frame_9800.jpg,0.03713396564126015,0.12332212924957275,0.48330405354499817,0.0001993559708353132,0.0002648613299243152,0.09837429225444794,0.25740131735801697
